{
  "extrinsic": {
    "quaternion": [
      0.3799282,
      0.3799282,
      0.59636781,
      0.59636781
    ],
    "translation": [
      3.84755,
      0.0,
      0.608149
    ]
  },
  "intrinsic": {
    "aspect_ratio": 1.0,
    "cx_offset": 1.49,
    "cy_offset": 3.87,
    "height": 1280.0,
    "k1": 423.3,
    "k2": 0,
    "k3": 0,
    "k4": 0,
    "model": "radial_poly",
    "poly_order": 4,
    "width": 1920.0
  },
  "name": "FV"
}