{
  "extrinsic": {
    "quaternion": [
      0.3374022,
      0.3374022,
      0.62141754,
      0.62141754
    ],
    "translation": [
      -1.109,
      0.0492693,
      0.929486
    ]
  },
  "intrinsic": {
    "aspect_ratio": 1.0,
    "cx_offset": 0.0,
    "cy_offset": 0.0,
    "height": 720.0,
    "k1": 307.143,
    "k2": 0,
    "k3": 0,
    "k4": 0,
    "model": "radial_poly",
    "poly_order": 4,
    "width": 1280.0
  },
  "name": "FV"
}